threshold,precision,recall,f1,tn,fp,fn,tp
0.45000000000000007,0.9918006430868167,0.9753359683794467,0.9834994021522518,4949,51,156,6169
